product_id,vendor_id,market_date,customer_id,quantity,cost_to_customer_per_qty,transaction_time
2.0,,2020-07-25,  14  ,1.38,3.49,13:54:00
3.0,7.0,2020-07-04,  26  ,3.0,0.5,12:09:00
3.0,7.0,2020-07-15,  4  ,5.0,0.5,16:47:00
1.0,7.0,2020-08-22,,3.47,6.99,1:33 PM
4.0,7.0,2019-06-15,  4  ,5.0,4.0,12:23:00
4.0,7.0,2019-06-05,  11  ,4.0,4.0,18:50:00
3.0,,,  3  ,3.0,,18:48:00
1.0,7.0,2019-09-21,  24  ,1.82,6.99,11:11 AM
4.0,7.0,2019-06-15,  2  ,2.0,4.0,9:31:00
2.0,,2019-08-03,  2  ,4.04,3.49,11:00:00
2.0,7.0,2020-07-04,  11  ,3.28,3.49,12:15:00
2.0,7.0,2019-08-21,  17  ,0.61,3.49,18:51:00
2.0,7.0,2020-08-29,  10  ,2.14,3.49,
,,2020-08-05,  16  ,-1.69,$6.99,18:22:00
3.0,7.0,2019-08-21,  24  ,3.0,0.5,
3.0,,2020-07-29,  5  ,,0.5,18:17:00
3.0,7.0,2019-09-07,  24  ,2.0,0.5,9:23:00
3.0,,2020-09-12,  3  ,2.0,0.5,11:24:00
3.0,7.0,2020-08-26,,,,17:44:00
3.0,7.0,2020-07-25,  17  ,5.0,0.5,11:16:00
4.0,7.0,,  3  ,2.0,4.0,17:23:00
2.0,7.0,Unknown Date,  4  ,3.06,3.49,6:59 PM
4.0,7.0,2019-04-13,,2.0,4.0,8:48 AM
4.0,7.0,2019-05-04,  10  ,2.0,,9:16:00
,7.0,,  3  ,5.3,3.49,18:44:00
4.0,7.0,2019-05-08,  18  ,,4.0,18:03:00
3.0,,2020-09-12,  13  ,2.0,,10:51:00
3.0,,2020-07-18,  20  ,3.0,0.5,12:09 PM
2.0,7.0,2019-08-21,  18  ,4.56,3.49,16:20:00
1.0,7.0,2019-09-07,  8  ,0.94,6.99,13:33:00
1.0,7.0,2019-09-11,  18  ,2.89,6.99,5:52 PM
1.0,7.0,2020-08-05,  21  ,2.27,6.99,18:52:00
2.0,7.0,2020-09-19,  3  ,2.06,,13:50:00
2.0,7.0,2019-08-31,  2  ,3.31,$3.49,
4.0,7.0,2019-04-24,  13  ,2.0,,17:15:00
2.0,7.0,2019-07-13,,1.64,,
3.0,7.0,,  14  ,2.0,0.5,12:58:00
,7.0,,  22  ,2.0,0.5,6:34 PM
,7.0,2019-05-22,,2.0,4.0,5:43 PM
2.0,,2020-08-29,  21  ,,,8:55 AM
1.0,7.0,03/07/2019,,1.53,6.99,18:41:00
4.0,7.0,2019-04-17,  1  ,5.0,3.5,16:09:00
2.0,7.0,2019-08-21,  6  ,0.72,$3.49,18:37:00
1.0,7.0,2019-07-10,,2.71,6.99,18:35:00
3.0,7.0,2020-07-18,  5  ,4.0,0.5,11:05:00
,7.0,2019-07-24,  10  ,5.57,3.49,18:49:00
3.0,7.0,2020-07-11,  10  ,2.0,,11:35:00
1.0,7.0,2020-07-22,  6  ,2.28,6.99,6:49 PM
3.0,7.0,2019-07-31,  7  ,3.0,0.5,18:51:00
3.0,7.0,2019-07-13,  1  ,2.0,$0.5,
3.0,,2020-09-30,  1  ,3.0,0.5,18:18:00
2.0,7.0,Unknown Date,  5  ,2.51,3.49,5:15 PM
4.0,7.0,2019-04-17,  6  ,4.0,3.5,17:29:00
1.0,7.0,2020-08-29,  26  ,0.75,6.99,11:29:00
1.0,7.0,2020-08-08,  17  ,0.03,6.99,12:56:00
,7.0,2019-09-18,  8  ,1.0,0.5,17:14:00
2.0,7.0,2019-07-27,  23  ,3.79,3.49,13:58:00
4.0,7.0,13/04/2019,  4  ,2.0,4.0,10:17:00
1.0,7.0,2020-07-08,,0.8,6.99,17:53:00
4.0,,,  11  ,4.0,4.0,13:30:00
4.0,7.0,,  2  ,5.0,4.0,9:59:00
1.0,7.0,2019-09-18,  11  ,2.34,6.99,
1.0,7.0,2019-07-17,  5  ,4.11,6.99,16:30:00
3.0,7.0,2019-09-25,  12  ,4.0,0.5,18:35:00
3.0,7.0,2019-08-24,  13  ,4.0,,1:02 PM
1.0,7.0,2020-07-11,  18  ,2.88,6.99,1:44 PM
4.0,7.0,2019-06-15,  9  ,5.0,4.0,8:37 AM
2.0,7.0,2019-09-28,  19  ,3.93,$3.49,13:42:00
3.0,,2020-08-08,  5  ,3.0,$0.5,1:37 PM
4.0,7.0,2019-04-20,  2  ,4.0,4.0,13:36:00
3.0,7.0,2020-08-05,  3  ,3.0,0.5,18:07:00
3.0,7.0,2020-09-12,  14  ,,0.5,8:41:00
2.0,7.0,2019-07-03,  24  ,2.28,3.49,18:37:00
3.0,7.0,14/08/2019,  16  ,2.0,0.5,18:37:00
4.0,7.0,Unknown Date,  7  ,4.0,4.0,9:58:00
3.0,7.0,,  2  ,4.0,,16:28:00
3.0,7.0,2019-07-13,  10  ,1.0,$0.5,11:21:00
1.0,7.0,2020-08-01,  11  ,0.5,6.99,11:43:00
3.0,,2020-07-18,  5  ,4.0,0.5,11:05 AM
2.0,7.0,2020-09-30,  19  ,3.36,3.49,18:53:00
3.0,7.0,2019-07-03,  3  ,4.0,0.5,18:32:00
1.0,7.0,2019-07-27,  24  ,3.04,6.99,9:37:00
3.0,7.0,07/09/2019,  10  ,2.0,0.5,13:21:00
2.0,7.0,2019-08-14,  4  ,0.8,3.49,18:05:00
2.0,7.0,2020-08-19,  13  ,2.37,$3.49,18:50:00
1.0,7.0,2019-09-25,,,6.99,18:52:00
3.0,7.0,2020-07-11,  1  ,5.0,0.5,
3.0,7.0,2020-08-08,  13  ,2.0,0.5,9:38:00
1.0,,2020-09-12,,0.64,6.99,11:14:00
3.0,7.0,2019-08-07,  17  ,1.0,0.5,16:34:00
2.0,7.0,2020-09-30,  2  ,-5.04,3.49,18:06:00
,7.0,2020-09-09,,3.0,0.5,18:47:00
4.0,7.0,2019-05-11,  7  ,4.0,4.0,1:51 PM
2.0,7.0,2020-09-02,,4.83,3.49,4:51 PM
2.0,,,  12  ,2.82,3.49,13:54:00
3.0,7.0,2019-07-24,  6  ,5.0,0.5,5:16 PM
2.0,7.0,2020-07-15,  21  ,5.02,3.49,6:52 PM
2.0,7.0,2019-09-11,  1  ,3.45,,
2.0,7.0,2019-07-31,  11  ,,3.49,18:55:00
1.0,7.0,08/07/2020,,0.84,6.99,
2.0,7.0,2019-08-10,  16  ,1.85,3.49,8:57:00
1.0,7.0,14/09/2019,  2  ,4.14,6.99,1:49 PM
4.0,,2019-05-29,  12  ,,4.0,6:04 PM
1.0,7.0,2020-09-30,  14  ,0.1,6.99,
2.0,7.0,,  26  ,3.02,3.49,13:17:00
1.0,7.0,09/09/2020,  20  ,0.12,6.99,18:30:00
,7.0,2019-08-14,  1  ,4.37,,5:03 PM
4.0,7.0,2019-06-05,  11  ,1.0,4.0,18:25:00
3.0,7.0,2019-09-07,  1  ,,0.5,12:22:00
1.0,7.0,2020-07-01,  11  ,3.64,,18:16:00
3.0,7.0,15/07/2020,  19  ,2.0,0.5,17:41:00
,7.0,2020-07-29,  1  ,3.88,,18:52:00
2.0,7.0,2019-09-21,  22  ,2.81,3.49,13:46:00
3.0,,2019-07-17,  2  ,3.0,0.5,18:45:00
4.0,7.0,22/05/2019,  7  ,5.0,4.0,18:24:00
1.0,7.0,2020-07-01,  2  ,1.03,6.99,18:54:00
2.0,7.0,2020-09-09,  15  ,1.78,3.49,18:49:00
3.0,7.0,2019-09-18,  18  ,2.0,0.5,18:54:00
3.0,7.0,01/08/2020,  2  ,2.0,0.5,9:17:00
3.0,7.0,2020-07-01,  3  ,3.0,0.5,4:34 PM
2.0,7.0,,  7  ,4.03,3.49,11:26:00
1.0,7.0,2020-08-29,  2  ,0.62,6.99,8:54:00
3.0,7.0,2020-09-09,  20  ,4.0,0.5,18:42:00
2.0,7.0,2020-08-29,  21  ,2.16,3.49,8:54:00
3.0,7.0,2019-08-07,  5  ,4.0,,18:15:00
1.0,7.0,,  15  ,,6.99,11:10:00
2.0,7.0,2020-09-26,  14  ,,,10:19:00
3.0,7.0,2019-09-04,  12  ,4.0,,5:09 PM
4.0,7.0,13/04/2019,  3  ,4.0,4.0,10:50 AM
3.0,,2020-07-08,  5  ,1.0,0.5,18:55:00
4.0,7.0,2019-05-15,  4  ,,4.0,16:54:00
3.0,7.0,,  5  ,3.0,0.5,10:21:00
,7.0,2019-05-08,  11  ,5.0,,18:09:00
3.0,7.0,2020-08-29,  13  ,1.0,$0.5,1:10 PM
3.0,7.0,,  20  ,4.0,0.5,18:42:00
3.0,7.0,2020-09-12,  17  ,5.0,0.5,11:04:00
1.0,7.0,2020-07-25,  7  ,-5.71,6.99,10:33 AM
,7.0,2020-07-01,  22  ,,3.49,
1.0,7.0,15/07/2020,  20  ,4.5,6.99,18:15:00
3.0,7.0,2020-07-29,  13  ,3.0,0.5,17:37:00
3.0,7.0,2020-07-01,  4  ,4.0,$0.5,16:18:00
3.0,7.0,2020-08-22,  7  ,,0.5,13:36:00
3.0,7.0,13/07/2019,  7  ,5.0,$0.5,10:20 AM
,7.0,2019-07-20,  21  ,2.0,6.99,11:33:00
2.0,7.0,,  5  ,3.09,,9:06 AM
3.0,7.0,,  1  ,5.0,0.5,16:33:00
2.0,7.0,2019-09-11,  25  ,6.42,$3.49,5:09 PM
,7.0,2020-07-04,  15  ,1.58,3.49,
3.0,7.0,,  1  ,-5.0,0.5,13:48:00
2.0,7.0,2019-07-17,  4  ,,3.49,17:45:00
2.0,7.0,,  13  ,1.89,$3.49,11:54:00
1.0,7.0,2019-08-24,  15  ,,6.99,8:47 AM
3.0,7.0,2019-09-04,  20  ,3.0,0.5,17:20:00
2.0,7.0,2020-08-15,  19  ,2.43,3.49,12:36:00
1.0,,2019-07-03,  14  ,2.18,6.99,18:23:00
3.0,7.0,2019-07-20,  4  ,1.0,0.5,
1.0,7.0,,  19  ,2.74,6.99,17:30:00
2.0,7.0,2019-07-13,  1  ,-2.81,3.49,13:35:00
2.0,7.0,2020-09-09,  5  ,2.15,$3.49,17:29:00
4.0,7.0,2019-04-24,  13  ,1.0,4.0,16:27:00
2.0,7.0,,  19  ,5.26,3.49,18:05:00
4.0,7.0,2019-06-08,  10  ,2.0,4.0,9:36 AM
2.0,7.0,2020-08-15,  10  ,1.91,3.49,
2.0,7.0,,  6  ,1.48,3.49,12:38:00
1.0,7.0,2020-08-29,  5  ,1.26,6.99,10:26 AM
3.0,7.0,,  6  ,1.0,0.5,18:01:00
3.0,7.0,2019-07-03,  22  ,5.0,$0.5,18:11:00
2.0,7.0,2019-07-20,  8  ,3.69,3.49,13:11:00
2.0,7.0,2020-07-04,  15  ,3.31,3.49,12:46:00
3.0,7.0,2019-08-31,  8  ,4.0,0.5,12:51:00
1.0,7.0,2020-07-22,  11  ,,6.99,18:29:00
2.0,7.0,2019-08-17,  5  ,1.65,$3.49,11:39:00
1.0,7.0,2020-09-30,  57  ,5.0,,15:35:00
,7.0,,  1  ,-4.93,6.99,13:00:00
3.0,7.0,2020-07-15,  15  ,4.0,0.5,
1.0,7.0,,  12  ,0.15,6.99,13:13:00
2.0,7.0,2020-07-22,  11  ,3.14,3.49,18:44:00
,,,  12  ,6.31,,9:39 AM
2.0,7.0,2020-08-12,  13  ,1.25,3.49,16:16:00
,7.0,2019-04-10,  5  ,5.0,$4.0,18:57:00
1.0,7.0,Unknown Date,  4  ,-1.63,6.99,
,7.0,2020-09-16,  19  ,2.42,$3.49,6:53 PM
3.0,7.0,2020-08-08,  11  ,5.0,0.5,13:34:00
3.0,,2019-09-07,  4  ,,0.5,13:53:00
3.0,7.0,2019-08-10,  14  ,5.0,$0.5,
3.0,7.0,2020-07-18,  8  ,2.0,0.5,11:59:00
2.0,,2019-08-31,  3  ,0.92,$3.49,11:36:00
3.0,,2020-07-29,  7  ,4.0,0.5,18:19:00
2.0,7.0,2020-08-08,  5  ,5.2,3.49,12:06:00
2.0,,,  4  ,1.66,3.49,12:02:00
4.0,7.0,2019-04-10,  4  ,5.0,4.0,16:48:00
,7.0,2019-09-25,  10  ,2.0,0.5,17:30:00
4.0,7.0,,  8  ,3.0,4.0,9:23 AM
3.0,7.0,2020-08-05,  6  ,1.0,0.5,6:03 PM
1.0,7.0,2020-08-12,  2  ,4.59,6.99,18:56:00
3.0,7.0,2020-07-11,  2  ,2.0,0.5,1:59 PM
3.0,,2019-09-28,  9  ,5.0,0.5,11:17:00
3.0,7.0,2020-07-22,,3.0,0.5,17:33:00
3.0,7.0,Unknown Date,  10  ,2.0,0.5,9:26:00
2.0,7.0,,  10  ,6.7,,9:29:00
,7.0,2019-07-13,  2  ,6.27,3.0,
2.0,7.0,2019-07-24,  18  ,2.46,3.49,5:29 PM
1.0,7.0,2020-07-25,,1.59,6.99,10:20:00
,,2019-05-04,  4  ,1.0,4.0,10:22 AM
2.0,7.0,2020-09-19,  26  ,3.37,3.49,12:13:00
3.0,7.0,,  19  ,,0.5,18:35:00
3.0,7.0,,  13  ,2.0,0.5,9:47:00
3.0,7.0,2020-09-12,  14  ,5.0,$0.5,8:34:00
4.0,7.0,2019-05-18,  1  ,5.0,4.0,12:56:00
3.0,7.0,2020-07-22,  18  ,4.0,0.5,17:34:00
3.0,7.0,2020-07-11,,2.0,0.5,13:53:00
,7.0,2020-09-19,,5.0,0.5,11:09:00
2.0,7.0,2020-07-22,  12  ,1.95,3.49,16:26:00
,7.0,,  1  ,5.0,4.0,17:10:00
,7.0,2019-07-24,  13  ,4.0,0.5,18:57:00
3.0,7.0,2019-09-18,  17  ,3.0,0.5,
4.0,7.0,2019-04-27,  12  ,3.0,3.5,13:32:00
2.0,7.0,2020-09-12,  4  ,4.22,3.49,12:47:00
3.0,7.0,2020-08-01,  22  ,4.0,0.5,9:26:00
4.0,7.0,2019-04-03,  16  ,,4.0,18:58:00
3.0,7.0,2019-08-24,  23  ,4.0,0.5,13:28:00
3.0,7.0,2020-09-26,  24  ,3.0,,11:08:00
2.0,7.0,2019-07-06,  20  ,3.1,3.49,12:51:00
1.0,7.0,2020-07-01,  25  ,1.25,,17:56:00
2.0,7.0,2019-08-28,  5  ,5.24,3.49,5:38 PM
4.0,7.0,2019-05-18,  17  ,2.0,4.0,11:04 AM
4.0,7.0,2019-06-05,  5  ,3.0,4.0,6:16 PM
1.0,,2019-08-03,  13  ,2.36,6.99,13:46:00
1.0,7.0,Unknown Date,  1  ,2.12,6.99,18:45:00
4.0,7.0,2019-05-11,  11  ,5.0,4.0,
2.0,7.0,2020-09-19,  10  ,5.16,3.49,9:57:00
3.0,,2020-09-16,  6  ,2.0,$0.5,6:03 PM
1.0,7.0,2019-09-28,,1.14,6.99,8:54:00
3.0,7.0,Unknown Date,  8  ,4.0,0.5,8:57:00
,7.0,2019-08-28,,2.99,3.49,18:28:00
4.0,7.0,2019-04-13,  11  ,1.0,4.0,8:42:00
2.0,7.0,2019-07-06,  13  ,1.94,,10:55:00
4.0,7.0,2019-06-05,  4  ,5.0,4.0,17:00:00
3.0,7.0,2020-07-01,  13  ,1.0,0.5,18:48:00
2.0,7.0,,  7  ,4.13,3.49,
3.0,7.0,2020-08-05,  15  ,2.0,$0.5,4:22 PM
,7.0,01/07/2020,,2.0,$0.5,
3.0,7.0,05/09/2020,  10  ,5.0,0.5,11:40:00
1.0,7.0,2019-07-06,  23  ,1.49,6.99,12:26 PM
4.0,7.0,2019-04-10,  5  ,4.0,4.0,6:53 PM
4.0,7.0,2019-04-27,  16  ,-3.0,3.5,10:52 AM
2.0,,2020-08-19,  12  ,2.47,3.49,18:16:00
2.0,7.0,2019-07-31,  17  ,5.53,,16:28:00
3.0,7.0,2019-08-24,  2  ,5.0,,9:12:00
2.0,,2020-07-18,,3.1,3.49,1:57 PM
3.0,7.0,2020-09-19,,2.0,0.5,9:45:00
4.0,7.0,2019-04-03,  12  ,3.0,4.0,18:35:00
3.0,7.0,2020-08-22,  6  ,4.0,0.5,12:50:00
3.0,7.0,2020-07-22,  2  ,2.0,0.5,18:29:00
4.0,7.0,2019-04-10,  12  ,2.0,4.0,4:58 PM
,7.0,2019-09-14,  6  ,2.94,6.99,13:42:00
4.0,7.0,,  3  ,1.0,4.0,
3.0,,2019-08-07,  23  ,2.0,0.5,6:36 PM
2.0,7.0,2020-08-15,,2.77,$3.49,9:40:00
2.0,7.0,2019-08-21,  26  ,2.44,3.49,16:03:00
1.0,7.0,2019-09-25,  2  ,0.06,6.99,16:47:00
3.0,7.0,2019-08-03,  22  ,,0.5,12:07:00
2.0,7.0,2020-08-26,  1  ,1.03,,18:49:00
3.0,,2019-07-24,  5  ,4.0,0.5,18:38:00
4.0,7.0,2019-04-27,  4  ,3.0,3.5,12:28:00
1.0,7.0,2020-09-23,,2.89,6.99,17:23:00
2.0,7.0,2019-07-31,  7  ,1.43,$3.49,17:04:00
2.0,7.0,2019-09-04,  21  ,3.45,3.49,18:48:00
2.0,7.0,2019-08-07,  19  ,3.79,3.49,18:01:00
3.0,7.0,2020-09-26,  21  ,2.0,,13:53:00
1.0,7.0,2019-09-21,  24  ,4.4,$6.99,11:27:00
1.0,7.0,2019-07-13,,2.28,,
3.0,7.0,2020-09-09,  21  ,7.0,0.5,16:43:00
,7.0,29/07/2020,  3  ,4.0,0.5,18:30:00
3.0,7.0,,  14  ,-2.0,$0.5,17:05:00
1.0,7.0,2019-09-21,  6  ,1.99,6.99,12:17:00
3.0,,Unknown Date,  5  ,4.0,0.5,18:45:00
3.0,7.0,31/08/2019,  24  ,3.0,0.5,
4.0,7.0,2019-05-22,  7  ,4.0,4.0,17:56:00
3.0,7.0,2020-07-04,  26  ,,0.5,12:09:00
1.0,,2019-08-03,  13  ,0.05,6.99,
4.0,7.0,2019-04-06,  12  ,5.0,4.0,8:12:00
3.0,7.0,2019-08-21,,3.0,,17:34:00
4.0,7.0,2019-04-20,  8  ,3.0,4.0,12:54:00
3.0,7.0,2019-09-25,  7  ,3.0,0.5,16:36:00
,7.0,2019-08-17,  17  ,3.0,0.5,
1.0,,2020-08-22,,4.56,6.99,13:28:00
4.0,7.0,2019-06-15,  11  ,3.0,4.0,12:01 PM
2.0,7.0,2020-09-26,  4  ,2.73,3.49,10:42 AM
3.0,7.0,03/07/2019,  24  ,6.0,,18:55:00
4.0,,2019-04-06,  16  ,5.0,$4.0,1:12 PM
2.0,7.0,2020-09-19,  15  ,3.88,3.49,11:24:00
3.0,7.0,2020-09-19,  6  ,3.0,0.5,12:39 PM
3.0,7.0,,  58  ,2.0,0.5,12:39:00
1.0,7.0,13/07/2019,  10  ,2.34,$6.99,10:21:00
2.0,7.0,2020-08-19,  24  ,3.16,3.49,18:43:00
3.0,,2020-08-05,  1  ,4.0,0.5,18:34:00
4.0,7.0,2019-06-05,  7  ,2.0,4.0,16:30:00
2.0,7.0,2019-09-04,  14  ,4.21,3.49,17:30:00
2.0,7.0,2020-08-08,  12  ,4.91,$3.49,9:45:00
2.0,7.0,2019-09-25,,2.63,3.49,6:16 PM
3.0,,,  26  ,2.0,0.5,13:28:00
1.0,7.0,Unknown Date,  5  ,4.27,,11:01:00
,7.0,2020-09-19,,,6.99,11:29:00
2.0,7.0,2020-09-19,  6  ,3.07,3.49,12:30:00
,7.0,2019-09-28,  7  ,-3.0,0.5,13:17:00
3.0,7.0,,  22  ,,0.5,18:41:00
2.0,7.0,14/09/2019,  19  ,,3.49,
2.0,7.0,,  8  ,7.33,3.49,6:30 PM
1.0,7.0,2020-09-19,  15  ,5.06,,11:57:00
1.0,7.0,2019-08-07,,,,18:30:00
3.0,7.0,2020-07-18,  1  ,1.0,$0.5,10:52 AM
2.0,,2020-07-01,  1  ,1.58,3.49,16:10:00
3.0,7.0,,  12  ,3.0,0.5,12:56 PM
1.0,7.0,11/09/2019,  7  ,1.54,6.99,17:37:00
2.0,7.0,2019-09-11,  12  ,2.21,3.49,6:01 PM
2.0,7.0,2020-09-23,  5  ,2.33,3.49,
4.0,7.0,2019-04-20,  12  ,-1.0,4.0,11:51:00
,,2019-04-24,  3  ,5.0,4.0,18:39:00
,7.0,2019-05-08,  18  ,1.0,,18:06:00
3.0,7.0,2020-07-01,  1  ,5.0,0.5,6:23 PM
,7.0,2019-04-17,  9  ,-4.0,3.5,
4.0,7.0,2019-04-03,  3  ,1.0,4.0,18:44:00
1.0,7.0,16/09/2020,  2  ,5.18,,16:28:00
3.0,7.0,,  1  ,3.0,0.5,18:31:00
3.0,7.0,,  4  ,4.0,0.5,
3.0,7.0,2020-07-04,  19  ,4.0,$0.5,
4.0,7.0,2019-05-04,  6  ,1.0,4.0,11:14:00
3.0,7.0,2020-09-02,  23  ,7.0,0.5,6:14 PM
4.0,7.0,,  1  ,2.0,4.0,6:28 PM
3.0,7.0,2020-09-02,  7  ,,0.5,17:54:00
1.0,7.0,2020-09-05,  8  ,2.12,6.99,10:07:00
4.0,7.0,2019-05-22,  4  ,1.0,4.0,18:53:00
1.0,7.0,2019-08-14,  11  ,1.5,6.99,17:06:00
3.0,7.0,2019-09-07,  1  ,4.0,0.5,12:08 PM
2.0,7.0,2020-07-18,,6.64,3.49,13:00:00
,7.0,17/07/2019,  17  ,5.0,,18:53:00
1.0,7.0,2020-09-02,  4  ,3.31,6.99,18:21:00
3.0,7.0,2020-08-08,  4  ,,0.5,10:58:00
,7.0,,,5.0,3.5,1:54 PM
4.0,7.0,2019-05-15,  12  ,1.0,4.0,
,7.0,2020-09-19,  5  ,3.36,3.49,11:54:00
,7.0,2020-09-05,  4  ,3.41,3.49,13:49:00
,7.0,2020-07-01,  15  ,2.0,0.5,18:34:00
2.0,7.0,2020-08-22,  6  ,3.48,3.49,9:39 AM
1.0,7.0,24/08/2019,  16  ,4.48,6.99,11:00:00
3.0,7.0,,  14  ,4.0,0.5,12:02:00
3.0,7.0,,  2  ,,0.5,9:24:00
2.0,7.0,2019-09-21,  8  ,2.18,$3.49,13:31:00
4.0,7.0,2019-05-29,  1  ,1.0,4.0,17:51:00
1.0,7.0,2019-07-24,  14  ,0.39,,17:16:00
3.0,7.0,Unknown Date,  11  ,5.0,,17:07:00
,7.0,2019-08-24,  16  ,2.65,$3.49,
1.0,7.0,2019-07-06,,3.04,6.99,13:05:00
2.0,7.0,Unknown Date,  20  ,0.31,3.49,6:32 PM
4.0,7.0,,  8  ,1.0,4.0,13:10:00
3.0,7.0,2020-07-18,  20  ,5.0,,12:37:00
4.0,7.0,2019-04-24,  2  ,,4.0,6:35 PM
2.0,7.0,2020-09-26,  5  ,2.13,3.49,10:21:00
2.0,7.0,2020-07-08,  1  ,1.98,3.49,18:56:00
,7.0,2020-08-08,  12  ,2.0,$0.5,9:54 AM
1.0,7.0,,  13  ,0.31,6.99,18:38:00
2.0,7.0,2019-09-21,,2.31,,12:49:00
,7.0,2019-04-17,  2  ,2.0,3.5,18:39:00
3.0,7.0,2019-08-03,  2  ,,0.5,8:27:00
3.0,7.0,2020-07-08,  3  ,4.0,$0.5,6:52 PM
2.0,,2019-08-31,  5  ,6.18,3.49,10:22:00
1.0,7.0,2019-08-21,  11  ,,6.99,18:18:00
2.0,7.0,2019-08-07,  10  ,4.31,3.49,17:10:00
,7.0,2019-09-21,  6  ,5.0,0.5,13:42:00
1.0,7.0,Unknown Date,  22  ,1.07,6.99,18:04:00
3.0,7.0,2019-09-25,  12  ,5.0,$0.5,18:19:00
2.0,,2020-07-04,  2  ,5.6,3.0,
4.0,7.0,2019-06-12,  3  ,2.0,4.0,
2.0,7.0,2020-08-12,  7  ,3.05,$3.49,17:25:00
2.0,7.0,2020-09-05,  8  ,1.85,3.49,9:26:00
2.0,7.0,22/08/2020,  5  ,4.99,3.49,1:58 PM
2.0,7.0,,  9  ,,,18:21:00
,7.0,2020-07-04,  16  ,0.62,6.99,12:51:00
2.0,7.0,2020-07-15,  12  ,2.61,3.49,17:36:00
2.0,7.0,,  6  ,1.25,3.49,9:35:00
2.0,7.0,2020-07-29,  26  ,3.64,,6:46 PM
3.0,7.0,2019-08-03,  22  ,3.0,0.5,
3.0,7.0,2019-07-03,  11  ,4.0,0.5,18:52:00
2.0,7.0,2019-07-03,  12  ,0.12,3.49,17:38:00
2.0,7.0,2019-08-28,  17  ,,3.49,17:06:00
4.0,7.0,Unknown Date,  17  ,4.0,4.0,1:44 PM
2.0,7.0,2019-08-07,  3  ,2.93,3.49,6:09 PM
3.0,7.0,2019-09-28,,3.0,0.5,1:54 PM
2.0,7.0,2020-08-29,  10  ,2.14,3.49,13:29:00
3.0,7.0,2019-08-03,  2  ,3.0,0.5,9:25:00
3.0,7.0,2020-08-05,  7  ,5.0,0.5,
,7.0,2019-07-06,  4  ,0.27,,12:20:00
4.0,7.0,2019-06-08,  9  ,3.0,4.0,11:35:00
3.0,7.0,,  2  ,3.0,0.5,9:46:00
3.0,7.0,,  16  ,2.0,0.5,18:52:00
3.0,,2019-07-24,  26  ,2.0,0.5,4:29 PM
1.0,7.0,2019-07-17,  4  ,3.03,6.99,18:44:00
,7.0,2020-07-25,  14  ,3.87,3.49,13:37:00
1.0,7.0,2019-08-14,  25  ,3.21,$6.99,18:46:00
4.0,7.0,2019-04-27,  13  ,4.0,$3.5,11:43:00
,7.0,2019-08-31,  3  ,4.0,,8:47:00
2.0,7.0,2019-08-10,  22  ,5.25,3.49,
2.0,7.0,2020-09-02,  23  ,1.86,$3.49,18:54:00
2.0,7.0,2019-09-14,  16  ,2.28,3.49,10:07 AM
2.0,7.0,2019-07-03,,4.85,3.49,16:42:00
2.0,7.0,2020-07-15,  12  ,1.81,3.49,16:50:00
3.0,7.0,26/08/2020,  17  ,-2.0,0.5,17:58:00
3.0,7.0,08/08/2020,  4  ,3.0,0.5,10:38 AM
2.0,7.0,2019-09-28,  2  ,0.8,$3.49,13:48:00
2.0,7.0,2019-07-27,  13  ,2.37,3.49,9:31:00
3.0,7.0,2020-07-18,  6  ,4.0,0.5,10:01:00
3.0,7.0,2020-09-30,  11  ,,,17:50:00
3.0,7.0,2020-09-05,  10  ,3.0,0.5,12:10 PM
3.0,7.0,2020-09-23,  11  ,1.0,,
2.0,7.0,2019-09-11,  7  ,6.14,$3.49,17:28:00
4.0,7.0,2019-05-11,  6  ,2.0,4.0,11:04:00
,7.0,2019-09-04,,2.28,6.99,18:33:00
1.0,7.0,2020-09-26,  21  ,1.19,6.99,1:25 PM
3.0,,2019-09-07,  5  ,1.0,,12:46:00
,7.0,24/04/2019,,3.0,4.0,
3.0,7.0,2019-08-21,  10  ,3.0,0.5,17:18:00
1.0,7.0,2020-07-01,  25  ,0.04,6.99,17:54:00
2.0,7.0,2019-08-14,  3  ,,3.49,18:44:00
1.0,,2019-07-10,  4  ,2.13,6.99,18:06:00
1.0,7.0,,  4  ,2.28,6.99,6:33 PM
2.0,7.0,2019-09-25,  3  ,0.36,3.49,18:31:00
2.0,7.0,2020-09-26,,-2.64,3.49,11:02:00
3.0,7.0,22/08/2020,  7  ,,0.5,13:57:00
3.0,7.0,2019-07-17,  2  ,1.0,0.5,18:56:00
2.0,7.0,2020-09-19,  5  ,4.45,3.49,11:31:00
3.0,7.0,2020-08-22,  2  ,5.0,0.5,12:27:00
2.0,7.0,,  5  ,3.0,3.49,6:43 PM
2.0,7.0,2019-09-14,  6  ,2.23,3.49,13:34:00
3.0,7.0,2019-09-28,  3  ,2.0,0.5,13:31:00
3.0,7.0,2020-09-26,  1  ,5.0,$0.5,8:51:00
3.0,7.0,2019-09-25,  3  ,2.0,0.5,17:39:00
1.0,7.0,Unknown Date,  10  ,1.67,$6.99,8:35:00
4.0,7.0,05/06/2019,  4  ,2.0,$4.0,17:03:00
2.0,7.0,,  21  ,3.59,3.49,17:13:00
1.0,7.0,,  2  ,,$6.99,18:59:00
1.0,7.0,,  12  ,3.6,6.99,9:33:00
2.0,7.0,2020-07-29,  4  ,3.35,3.49,18:27:00
2.0,7.0,2020-08-19,  11  ,6.34,3.49,
3.0,7.0,2019-07-17,  18  ,3.0,0.5,17:44:00
4.0,7.0,Unknown Date,  15  ,1.0,4.0,10:09:00
3.0,,2020-08-29,  8  ,3.0,0.5,13:58:00
3.0,7.0,2020-07-01,  3  ,3.0,$0.5,16:38:00
4.0,7.0,2019-05-29,  1  ,,4.0,5:51 PM
4.0,7.0,,  6  ,4.0,4.0,
,7.0,2020-07-04,  9  ,1.89,3.49,9:28:00
3.0,7.0,26/09/2020,  14  ,3.0,0.5,8:58:00
4.0,7.0,Unknown Date,  2  ,4.0,4.0,18:10:00
2.0,7.0,2019-08-10,  23  ,2.53,,13:30:00
4.0,7.0,2019-05-11,  12  ,,4.0,9:32:00
4.0,7.0,2019-06-15,  11  ,1.0,,12:39 PM
4.0,7.0,2019-06-12,  1  ,3.0,4.0,5:35 PM
3.0,7.0,Unknown Date,  2  ,2.0,$0.5,9:17:00
3.0,7.0,,  24  ,4.0,0.5,
,7.0,2019-08-31,  5  ,2.4,6.99,10:00:00
4.0,7.0,27/04/2019,  17  ,3.0,,10:46 AM
1.0,7.0,2020-09-02,  7  ,2.73,6.99,17:08:00
,7.0,01/06/2019,  3  ,5.0,4.0,13:55:00
3.0,7.0,2020-09-23,,5.0,$0.5,18:01:00
2.0,,2019-08-07,  1  ,1.87,3.49,18:41:00
1.0,7.0,2020-09-30,  18  ,2.26,,18:58:00
,7.0,2020-08-29,  8  ,2.0,0.5,13:19:00
4.0,7.0,2019-04-13,  13  ,-4.0,4.0,10:29:00
4.0,7.0,2019-06-05,  12  ,2.0,4.0,18:07:00
2.0,7.0,2019-09-21,,0.45,3.49,10:18:00
3.0,7.0,2019-08-14,,5.0,,18:49:00
1.0,7.0,2019-08-10,  12  ,,6.99,8:39:00
4.0,7.0,2019-04-03,  7  ,5.0,4.0,17:59:00
2.0,,2019-07-31,  3  ,,3.49,6:49 PM
1.0,7.0,2020-09-12,  14  ,3.38,6.99,13:14:00
2.0,7.0,28/09/2019,  6  ,,3.49,9:53:00
2.0,7.0,2019-09-28,  21  ,,3.49,10:09:00
4.0,7.0,2019-05-04,  13  ,1.0,4.0,10:33:00
1.0,7.0,2020-09-02,  14  ,2.68,6.99,16:41:00
2.0,7.0,2020-09-05,  5  ,2.23,$3.49,13:57:00
,7.0,,  5  ,,0.5,17:16:00
4.0,,25/05/2019,,2.0,,1:50 PM
2.0,7.0,2020-09-09,  15  ,-4.21,3.49,18:52:00
4.0,7.0,11/05/2019,  8  ,5.0,4.0,13:42:00
2.0,7.0,2020-09-23,  6  ,2.01,,16:41:00
3.0,7.0,19/09/2020,  13  ,5.0,0.5,10:59:00
2.0,7.0,2020-09-16,  3  ,2.98,3.49,18:29:00
2.0,,Unknown Date,  15  ,,3.49,5:27 PM
4.0,7.0,2019-04-03,  6  ,,4.0,18:49:00
4.0,7.0,2019-06-12,  6  ,3.0,4.0,
4.0,7.0,2019-05-04,,,4.0,10:22 AM
3.0,7.0,2020-08-08,  13  ,,0.5,9:38:00
4.0,7.0,13/04/2019,  13  ,4.0,4.0,10:29:00
2.0,7.0,2019-08-17,  2  ,6.55,$3.49,11:22:00
2.0,7.0,2019-07-06,  14  ,1.68,3.49,
4.0,7.0,2019-05-04,  11  ,5.0,,11:05:00
3.0,7.0,2019-09-21,  5  ,4.0,0.5,12:54:00
3.0,,2020-09-19,  22  ,-4.0,,10:24:00
2.0,7.0,2019-09-07,  23  ,3.85,3.49,11:43:00
4.0,7.0,2019-04-20,  2  ,1.0,4.0,13:44:00
1.0,7.0,15/08/2020,  7  ,,6.99,10:42:00
1.0,7.0,2020-09-05,  1  ,0.27,6.99,11:41:00
2.0,7.0,2020-08-08,  7  ,3.53,3.49,8:23:00
4.0,7.0,2019-05-29,  8  ,2.0,4.0,18:38:00
1.0,7.0,2019-09-14,  2  ,4.14,6.99,13:49:00
2.0,,2020-08-22,  5  ,3.75,3.49,13:46:00
2.0,7.0,2020-08-05,  26  ,2.74,3.49,18:51:00
2.0,7.0,2020-07-18,  18  ,5.59,3.49,9:04:00
1.0,7.0,2019-08-03,  4  ,0.08,,
3.0,7.0,,  12  ,2.0,0.5,6:19 PM
2.0,,2020-07-22,,5.15,$3.49,18:55:00
4.0,7.0,2019-05-22,  10  ,3.0,4.0,
1.0,7.0,2020-09-16,  3  ,,6.99,18:14:00
4.0,7.0,2019-05-08,,5.0,4.0,6:03 PM
4.0,7.0,18/05/2019,  10  ,5.0,4.0,1:40 PM
3.0,7.0,2020-09-09,  2  ,2.0,0.5,6:59 PM
3.0,7.0,01/08/2020,  7  ,4.0,0.5,
3.0,7.0,2020-07-22,  3  ,3.0,0.5,5:16 PM
3.0,7.0,2019-07-03,  3  ,5.0,0.5,18:10:00
4.0,7.0,15/05/2019,  8  ,2.0,,18:27:00
3.0,7.0,2019-07-06,  6  ,4.0,0.5,12:19:00
3.0,,2020-08-05,  3  ,3.0,,17:29:00
3.0,7.0,2020-07-01,  15  ,2.0,0.5,18:34:00
1.0,7.0,2020-08-08,  26  ,4.99,6.99,11:38 AM
2.0,7.0,,  26  ,2.57,3.49,18:17:00
4.0,7.0,2019-05-04,  11  ,1.0,4.0,10:43:00
4.0,7.0,2019-04-10,  12  ,4.0,,16:45:00
2.0,7.0,2020-07-11,  24  ,3.5,3.49,11:34:00
4.0,,2019-05-15,  12  ,1.0,$4.0,17:06:00
2.0,,2020-07-08,  23  ,2.93,3.49,
3.0,7.0,2020-07-15,,2.0,0.5,
3.0,7.0,2020-07-29,  2  ,3.0,$0.5,18:56:00
2.0,7.0,2020-08-26,  5  ,3.68,3.49,
,7.0,2019-09-04,  7  ,3.0,,6:53 PM
2.0,7.0,2020-08-12,  13  ,3.96,3.49,16:39:00
1.0,7.0,Unknown Date,  21  ,1.82,,10:21:00
3.0,7.0,2020-08-12,  18  ,3.0,0.5,17:19:00
1.0,7.0,03/07/2019,  16  ,2.02,6.99,18:18:00
3.0,7.0,2020-09-23,,4.0,,17:11:00
1.0,7.0,2019-07-20,  15  ,0.02,,12:04:00
4.0,7.0,2019-05-22,  15  ,4.0,4.0,
2.0,7.0,2019-09-11,  6  ,1.62,,
,7.0,Unknown Date,  24  ,5.0,$0.5,10:41:00
4.0,7.0,2019-04-06,,5.0,,13:12:00
4.0,7.0,2019-05-01,  1  ,4.0,4.0,6:49 PM
4.0,7.0,2019-04-17,,5.0,3.5,18:43:00
3.0,,Unknown Date,,5.0,0.5,12:33:00
3.0,7.0,2020-07-04,  9  ,4.0,0.5,11:20:00
3.0,7.0,2020-08-12,  1  ,4.0,0.5,18:51:00
,7.0,2020-07-18,  20  ,-2.12,$3.49,12:18:00
3.0,7.0,2019-07-03,  25  ,2.0,0.5,6:18 PM
4.0,7.0,2019-04-17,  7  ,3.0,3.5,18:52:00
3.0,7.0,2020-07-11,  19  ,4.0,0.5,1:45 PM
4.0,7.0,2019-06-01,  9  ,2.0,$4.0,11:55:00
3.0,7.0,2020-07-04,  6  ,4.0,0.5,12:06:00
4.0,7.0,2019-05-11,  6  ,2.0,4.0,11:00:00
4.0,7.0,2019-06-12,  17  ,4.0,,18:46:00
1.0,7.0,2019-07-03,  14  ,0.99,6.99,17:32:00
3.0,7.0,2020-07-18,  3  ,2.0,0.5,
,7.0,2020-07-25,,2.0,0.5,13:34:00
,7.0,2020-07-18,  19  ,-4.67,3.49,8:57:00
2.0,7.0,2019-08-28,  5  ,2.51,3.49,17:15:00
2.0,7.0,2019-07-13,  24  ,1.64,3.49,12:42 PM
,7.0,,,1.0,0.5,17:23:00
1.0,7.0,2020-09-30,  26  ,3.97,6.99,
3.0,7.0,2019-09-14,  17  ,2.0,0.5,12:32:00
1.0,7.0,2020-07-08,  10  ,4.44,6.99,17:36:00
1.0,7.0,2019-07-31,  19  ,3.69,6.99,18:11:00
3.0,7.0,2020-08-08,  11  ,2.0,$0.5,13:20:00
2.0,7.0,2020-07-22,  10  ,3.38,3.49,16:24:00
,7.0,20/07/2019,  2  ,-1.0,$0.5,12:16:00
2.0,7.0,2020-08-22,  17  ,,3.49,13:27:00
2.0,7.0,22/07/2020,  12  ,4.33,3.49,16:25:00
,7.0,2019-07-27,,4.0,0.5,13:59:00
1.0,7.0,2019-07-03,  22  ,0.66,6.99,5:34 PM
,7.0,,  10  ,5.0,0.5,10:34:00
3.0,,2020-07-04,  8  ,2.0,$0.5,
3.0,7.0,,  3  ,2.0,0.5,10:32 AM
3.0,7.0,2020-07-01,  8  ,,0.5,17:46:00
1.0,7.0,2020-07-11,  24  ,1.53,,11:40:00
3.0,7.0,2020-09-26,  14  ,4.0,0.5,8:57:00
4.0,7.0,2019-06-01,  9  ,4.0,4.0,12:04:00
2.0,7.0,2019-07-24,  26  ,6.78,$3.49,4:38 PM
2.0,7.0,17/07/2019,  9  ,0.11,3.49,16:44:00
2.0,7.0,2019-08-31,  4  ,3.26,,9:35:00
1.0,7.0,2020-07-01,  7  ,0.63,6.99,
3.0,7.0,2019-09-14,  14  ,4.0,,9:09 AM
4.0,7.0,Unknown Date,,3.0,3.5,17:11:00
4.0,7.0,2019-05-01,  4  ,5.0,4.0,5:39 PM
2.0,7.0,2020-09-05,  25  ,4.86,3.49,11:32:00
1.0,7.0,2020-08-26,  4  ,3.11,,6:36 PM
3.0,,2019-07-27,  4  ,,0.5,12:46:00
4.0,7.0,2019-05-25,  8  ,2.0,,9:10:00
2.0,,Unknown Date,  10  ,5.38,3.49,6:11 PM
3.0,7.0,25/07/2020,  10  ,3.0,0.5,11:32:00
2.0,7.0,01/08/2020,  5  ,,3.49,9:18:00
1.0,7.0,2020-09-30,  9  ,,6.99,6:53 PM
2.0,7.0,2020-07-04,  6  ,5.18,$3.0,10:01:00
1.0,7.0,09/09/2020,  4  ,4.14,6.99,17:50:00
2.0,7.0,2019-09-04,  26  ,2.1,,18:54:00
2.0,7.0,2020-08-19,  15  ,-2.83,3.49,16:49:00
4.0,7.0,2019-05-29,,3.0,,6:49 PM
3.0,7.0,2020-08-22,  12  ,2.0,$0.5,
,7.0,Unknown Date,  13  ,5.0,0.5,10:56:00
4.0,7.0,2019-06-15,  8  ,1.0,,13:54:00
2.0,7.0,2019-09-11,  10  ,0.99,3.49,17:24:00
2.0,,2020-07-01,  2  ,3.37,3.49,6:55 PM
3.0,7.0,26/08/2020,  5  ,4.0,0.5,18:58:00
1.0,7.0,2019-07-27,  13  ,1.15,6.99,
2.0,,2020-07-15,  3  ,2.85,3.49,18:47:00
,7.0,2019-09-11,  5  ,,,18:54:00
3.0,7.0,13/07/2019,  10  ,-4.0,,11:59 AM
2.0,,2020-07-04,  9  ,0.59,$3.49,
3.0,7.0,2020-08-12,  13  ,2.0,0.5,18:53:00
3.0,7.0,2020-08-05,  21  ,4.0,0.5,18:54:00
,7.0,,  13  ,3.3,3.49,16:55:00
3.0,7.0,2020-07-11,  14  ,3.0,0.5,13:52:00
3.0,7.0,2019-09-07,  4  ,1.0,,13:53:00
2.0,7.0,2019-07-06,  14  ,1.0,,13:19:00
3.0,7.0,2020-07-08,  5  ,3.0,0.5,18:54:00
2.0,7.0,2020-09-12,  20  ,4.25,3.49,11:16 AM
3.0,7.0,2020-08-22,  10  ,5.0,0.5,13:40:00
2.0,,Unknown Date,  22  ,,3.49,
4.0,7.0,2019-04-24,  11  ,-1.0,$4.0,18:15:00
3.0,7.0,2019-09-28,  19  ,8.0,0.5,13:32:00
3.0,7.0,2019-07-06,  19  ,4.0,0.5,9:54:00
2.0,7.0,2020-07-04,  6  ,3.47,$3.49,10:59:00
2.0,7.0,2020-07-22,,2.85,3.49,18:00:00
2.0,7.0,18/09/2019,  12  ,6.33,3.49,18:34:00
,7.0,2019-07-17,  1  ,,3.49,18:26:00
2.0,7.0,2019-08-14,  26  ,2.44,,
,7.0,2019-08-17,  14  ,2.0,,9:28:00
4.0,7.0,2019-04-13,  2  ,2.0,,9:19:00
4.0,7.0,2019-05-29,  6  ,3.0,4.0,16:56:00
3.0,7.0,2019-07-10,  11  ,1.0,$0.5,6:35 PM
,7.0,2020-09-19,,4.0,0.5,12:50 PM
4.0,7.0,2019-06-08,  15  ,,,9:18:00
3.0,7.0,2020-09-26,  14  ,3.0,0.5,8:58 AM
2.0,7.0,2019-09-14,  5  ,1.33,,9:06 AM
2.0,7.0,2020-07-15,  14  ,3.13,3.49,6:31 PM
3.0,7.0,2020-08-08,  15  ,3.0,0.5,1:54 PM
4.0,,2019-06-01,  5  ,4.0,4.0,13:08:00
1.0,7.0,2020-09-02,  7  ,2.4,6.99,16:58:00
,7.0,2019-09-07,,3.09,6.99,
2.0,7.0,2020-07-29,  10  ,4.2,$3.49,18:52:00
2.0,7.0,2020-08-12,  16  ,3.53,3.49,5:53 PM
3.0,7.0,2019-08-17,  14  ,4.0,0.5,9:31:00
1.0,7.0,2019-08-14,  8  ,3.57,6.99,18:04:00
3.0,7.0,2019-07-06,  15  ,2.0,0.5,
3.0,7.0,2019-07-10,  3  ,,0.5,16:44:00
1.0,7.0,2020-08-26,  22  ,0.57,,18:16:00
,7.0,2019-04-17,  4  ,,3.5,18:11:00
,7.0,2019-09-04,  9  ,2.18,6.99,4:30 PM
3.0,7.0,2019-07-24,  4  ,5.0,0.5,18:36:00
3.0,,2019-08-17,  5  ,4.0,0.5,13:44:00
2.0,7.0,2019-08-10,  22  ,3.62,3.49,9:20:00
2.0,7.0,2020-09-05,,0.82,3.49,
3.0,7.0,2019-07-31,  19  ,-4.0,0.5,6:11 PM
2.0,7.0,2019-08-31,  4  ,4.59,3.49,10:06:00
3.0,,,  15  ,1.0,0.5,11:35:00
4.0,,2019-05-29,  7  ,2.0,4.0,6:59 PM
3.0,,2020-08-05,  4  ,1.0,0.5,16:46:00
1.0,7.0,2019-08-14,  5  ,2.35,6.99,17:32:00
1.0,7.0,2019-08-28,  9  ,3.68,6.99,18:28:00
4.0,7.0,,  2  ,1.0,4.0,6:17 PM
1.0,7.0,26/09/2020,  3  ,,6.99,12:04 PM
2.0,7.0,2019-07-20,  8  ,-1.18,3.49,13:18:00
3.0,7.0,2020-08-29,  4  ,5.0,0.5,11:06 AM
2.0,7.0,2019-08-10,  12  ,1.48,3.49,8:55:00
1.0,7.0,2019-08-10,  2  ,1.29,6.99,9:29:00
3.0,7.0,2020-09-26,  23  ,2.0,0.5,12:07:00
4.0,7.0,2019-04-13,  3  ,1.0,$4.0,11:33:00
4.0,7.0,2019-05-08,  5  ,1.0,,16:16:00
4.0,7.0,2019-06-08,,3.0,,12:26:00
2.0,7.0,2019-07-27,  6  ,,3.49,11:53 AM
4.0,7.0,2019-05-15,  4  ,2.0,4.0,17:23:00
2.0,7.0,2020-08-08,  5  ,4.53,3.49,11:31:00
4.0,7.0,2019-05-25,  10  ,2.0,4.0,12:22:00
3.0,7.0,2020-08-26,  1  ,,$0.5,17:32:00
1.0,7.0,2020-09-05,  1  ,5.2,6.99,11:34 AM
1.0,7.0,,  2  ,-1.07,6.99,18:56:00
3.0,7.0,2020-09-30,  1  ,4.0,0.5,18:10:00
2.0,7.0,2020-07-08,  8  ,5.13,,6:43 PM
2.0,7.0,,  26  ,,3.49,13:54:00
2.0,7.0,,  6  ,2.56,3.49,6:56 PM
2.0,7.0,01/08/2020,  1  ,1.79,$3.49,10:18:00
3.0,7.0,2020-07-29,  7  ,4.0,0.5,
2.0,7.0,2019-07-03,  16  ,3.46,3.49,17:48:00
4.0,7.0,2019-04-27,  13  ,2.0,3.5,11:58:00
3.0,,2020-07-11,  2  ,3.0,0.5,13:49:00
2.0,7.0,2019-09-11,  12  ,1.92,3.49,18:30:00
4.0,7.0,2019-05-11,  8  ,2.0,4.0,13:37:00
3.0,,Unknown Date,  8  ,1.0,0.5,
1.0,7.0,05/09/2020,  25  ,1.79,6.99,10:39:00
3.0,7.0,02/09/2020,  26  ,6.0,0.5,
3.0,7.0,2020-08-26,  22  ,5.0,0.5,18:34:00
1.0,7.0,26/08/2020,  15  ,2.57,6.99,16:33:00
2.0,7.0,2019-08-03,  13  ,0.02,3.49,1:47 PM
2.0,7.0,2020-07-11,  18  ,5.09,3.49,13:28:00
3.0,7.0,2019-08-21,  10  ,4.0,0.5,17:19:00
4.0,7.0,2019-05-01,  4  ,,$4.0,4:47 PM
3.0,7.0,2020-08-05,  15  ,,,17:05:00
2.0,7.0,2020-08-01,  3  ,4.87,3.49,12:38:00
3.0,7.0,2019-09-14,  25  ,5.0,0.5,12:47 PM
2.0,7.0,2019-07-31,  18  ,3.41,3.49,18:12:00
1.0,7.0,2019-09-25,  21  ,2.08,6.99,17:28:00
3.0,7.0,2019-08-21,  5  ,-5.0,$0.5,17:22:00
3.0,7.0,2020-07-11,  26  ,2.0,0.5,
3.0,7.0,,  4  ,3.0,0.5,10:38:00
4.0,7.0,2019-06-12,  17  ,-4.0,4.0,18:47:00
2.0,7.0,2020-07-08,  4  ,2.28,,
1.0,7.0,2020-08-08,  26  ,1.51,6.99,11:02 AM
3.0,7.0,2020-07-04,  7  ,5.0,0.5,8:49:00
2.0,7.0,2019-09-18,  1  ,,3.49,17:06:00
3.0,7.0,2019-07-13,,2.0,$0.5,11:03:00
4.0,7.0,2019-06-12,  7  ,3.0,4.0,17:12:00
2.0,7.0,2019-07-27,  16  ,3.57,3.49,10:08:00
1.0,7.0,10/08/2019,  23  ,4.57,6.99,1:20 PM
2.0,7.0,2020-07-11,,,3.49,10:08:00
,,2019-07-13,  10  ,4.0,0.5,11:59:00
,7.0,2019-09-04,  2  ,2.0,0.5,18:39:00
2.0,7.0,03/08/2019,  14  ,-2.44,3.49,9:48:00
3.0,7.0,2020-07-25,  21  ,,0.5,10:23:00
3.0,7.0,2019-07-27,  8  ,-2.0,$0.5,13:53:00
3.0,7.0,2020-08-05,  12  ,3.0,0.5,18:23:00
4.0,,2019-06-05,  17  ,4.0,4.0,16:58:00
,7.0,2020-08-12,,,0.5,4:48 PM
2.0,7.0,Unknown Date,  6  ,1.04,3.49,1:18 PM
3.0,7.0,2019-09-18,  18  ,2.0,0.5,18:52:00
2.0,7.0,04/07/2020,  19  ,1.82,3.49,
3.0,7.0,2019-07-03,  16  ,1.0,0.5,6:22 PM
4.0,7.0,2019-04-06,  16  ,3.0,4.0,13:34:00
2.0,7.0,2020-07-29,  15  ,2.59,$3.49,
2.0,7.0,Unknown Date,  8  ,1.86,3.49,18:12:00
4.0,7.0,2019-04-06,  14  ,2.0,$4.0,13:50:00
3.0,7.0,2019-09-28,  18  ,5.0,0.5,
2.0,7.0,,  11  ,2.89,3.49,18:56:00
3.0,,2019-09-07,  6  ,3.0,0.5,11:53:00
3.0,7.0,2019-09-25,  1  ,1.0,0.5,6:59 PM
3.0,7.0,17/07/2019,  17  ,4.0,,18:36:00
3.0,7.0,Unknown Date,  9  ,4.0,0.5,10:01:00
1.0,7.0,2019-07-31,  8  ,3.83,6.99,6:34 PM
3.0,7.0,2020-08-08,,2.0,0.5,10:04:00
2.0,7.0,2020-07-01,  2  ,3.94,3.49,18:52:00
2.0,7.0,Unknown Date,  12  ,3.62,3.49,16:45:00
4.0,7.0,2019-05-04,  10  ,4.0,,
2.0,7.0,2020-07-18,  4  ,1.39,3.49,12:14 PM
1.0,7.0,2020-07-18,  2  ,2.5,6.99,13:30:00
4.0,7.0,2019-04-27,  2  ,5.0,3.5,13:19:00
4.0,7.0,2019-04-03,  59  ,3.0,3.5,7:51:00
3.0,7.0,2019-08-21,  4  ,4.0,0.5,18:09:00
4.0,7.0,2019-05-15,  1  ,,$4.0,18:49:00
1.0,,2020-09-09,  1  ,3.43,6.99,18:35:00
3.0,7.0,2019-07-27,  8  ,1.0,,13:47:00
1.0,7.0,2020-09-12,  2  ,4.92,$6.99,
3.0,7.0,2020-07-01,  4  ,4.0,0.5,17:19:00
3.0,7.0,2019-07-17,  14  ,5.0,0.5,17:47:00
3.0,7.0,2020-08-01,  5  ,1.0,0.5,9:42 AM
3.0,7.0,06/07/2019,  1  ,3.0,$0.5,13:03:00
2.0,7.0,2020-09-02,  26  ,4.31,3.49,17:30:00
1.0,7.0,2020-09-09,  9  ,1.14,,18:26:00
4.0,7.0,2019-04-06,  14  ,2.0,4.0,13:16:00
3.0,7.0,,  25  ,,0.5,13:22:00
1.0,7.0,2020-08-22,  25  ,0.76,6.99,11:02 AM
4.0,,2019-04-24,  8  ,5.0,4.0,18:45:00
4.0,7.0,Unknown Date,  15  ,4.0,4.0,18:26:00
3.0,7.0,2019-08-24,  17  ,4.0,0.5,8:47:00
4.0,7.0,2019-05-01,  16  ,2.0,4.0,18:57:00
2.0,7.0,16/09/2020,  10  ,3.22,3.49,18:26:00
3.0,7.0,2019-08-31,  2  ,2.0,0.5,11:02:00
2.0,7.0,2019-08-28,  2  ,0.39,3.49,6:46 PM
3.0,7.0,2019-09-04,  7  ,4.0,,5:09 PM
2.0,7.0,2020-08-05,  8  ,2.84,$3.49,16:43:00
3.0,7.0,,  9  ,3.0,0.5,17:27:00
2.0,7.0,2019-07-27,  23  ,1.05,3.49,13:51:00
3.0,7.0,2019-09-21,  13  ,,$0.5,11:05:00
2.0,7.0,,  7  ,4.38,3.49,17:57:00
2.0,7.0,2020-09-30,  6  ,2.26,3.49,18:04:00
,7.0,2019-04-24,  4  ,3.0,4.0,16:59:00
1.0,7.0,2020-09-19,  25  ,1.49,6.99,1:29 PM
3.0,7.0,2020-08-12,  6  ,1.0,0.5,
1.0,7.0,2019-08-31,  22  ,4.86,$6.99,9:12:00
3.0,7.0,2019-08-24,  3  ,4.0,0.5,
3.0,7.0,2020-09-02,  1  ,3.0,0.5,6:53 PM
,7.0,,  14  ,,,18:57:00
3.0,,06/07/2019,  6  ,5.0,0.5,11:51:00
2.0,7.0,2020-08-08,  9  ,-0.18,3.49,10:32:00
3.0,7.0,2019-08-17,  17  ,1.0,0.5,13:30:00
2.0,7.0,2019-08-03,  4  ,4.9,3.49,11:54:00
,7.0,2020-09-19,  11  ,2.1,3.49,13:13:00
1.0,7.0,2019-08-14,  25  ,3.21,6.99,18:46:00
,7.0,2019-05-04,  6  ,1.0,$4.0,11:01:00
4.0,7.0,2019-04-17,  10  ,1.0,3.5,5:16 PM
,7.0,18/05/2019,  7  ,4.0,4.0,10:20 AM
1.0,7.0,15/07/2020,  14  ,3.88,6.99,18:51:00
1.0,7.0,2019-07-27,  17  ,1.55,6.99,13:58:00
3.0,7.0,,  26  ,4.0,0.5,
3.0,7.0,,  12  ,4.0,0.5,18:52:00
3.0,7.0,2019-09-07,,4.0,,13:25:00
4.0,,,  2  ,1.0,4.0,11:24:00
2.0,7.0,2019-07-20,  9  ,1.2,$3.49,8:17:00
4.0,7.0,2019-05-25,  2  ,2.0,4.0,13:08:00
,7.0,2019-08-07,,,0.5,18:48:00
2.0,7.0,2020-08-05,  12  ,1.47,3.49,18:11:00
4.0,7.0,2019-04-20,  5  ,-1.0,4.0,13:27:00
1.0,7.0,2019-07-10,,3.61,6.99,18:56:00
3.0,7.0,2019-07-24,  6  ,5.0,0.5,16:50:00
3.0,,2019-07-10,,1.0,0.5,18:50:00
2.0,7.0,2020-09-02,  4  ,4.75,3.49,18:15:00
4.0,7.0,,,3.0,,17:27:00
2.0,7.0,2020-08-01,  11  ,2.27,,12:01:00
1.0,,2020-07-22,  19  ,1.06,6.99,18:44:00
2.0,7.0,2020-09-09,  6  ,4.57,3.49,18:45:00
3.0,7.0,2020-07-08,  5  ,1.0,0.5,6:55 PM
1.0,7.0,2019-08-10,  23  ,0.46,6.99,13:39:00
2.0,,2020-07-01,  14  ,4.11,3.49,18:18:00
2.0,7.0,Unknown Date,  11  ,3.67,3.49,18:40:00
1.0,7.0,2020-08-29,  5  ,3.42,$6.99,9:52:00
1.0,7.0,2020-07-01,  11  ,3.7,6.99,18:27:00
1.0,7.0,2020-07-11,  1  ,4.04,6.99,1:03 PM
2.0,7.0,,  3  ,-2.7,3.49,13:52:00
2.0,7.0,27/07/2019,  16  ,3.21,3.49,9:46:00
3.0,7.0,07/09/2019,  5  ,1.0,0.5,12:46:00
,7.0,,  14  ,5.0,0.5,1:28 PM
2.0,7.0,15/07/2020,  2  ,1.32,,6:40 PM
3.0,7.0,2020-07-29,  6  ,,0.5,5:05 PM
3.0,7.0,2020-07-15,  15  ,5.0,0.5,16:54:00
2.0,7.0,2020-09-05,,2.23,3.49,13:57:00
1.0,7.0,2019-09-11,  25  ,2.16,6.99,17:21:00
3.0,,2020-07-15,  19  ,3.0,,
1.0,7.0,2019-08-10,  2  ,0.32,,8:26 AM
2.0,7.0,2019-09-11,  6  ,,3.49,18:53:00
,7.0,Unknown Date,  12  ,2.0,4.0,9:59:00
1.0,7.0,2020-09-09,  1  ,1.92,6.99,18:44:00
1.0,7.0,2019-09-07,  14  ,0.03,6.99,9:09 AM
4.0,7.0,2019-04-13,,5.0,4.0,11:49:00
2.0,7.0,2019-07-03,,1.76,3.49,17:14:00
3.0,7.0,2020-08-05,  4  ,2.0,0.5,17:01:00
,7.0,,  9  ,,0.5,18:43:00
3.0,7.0,2020-07-18,  5  ,5.0,0.5,11:15:00
4.0,7.0,2019-05-04,  7  ,4.0,4.0,11:48:00
2.0,7.0,,  4  ,4.75,3.49,6:15 PM
1.0,7.0,Unknown Date,  3  ,2.43,6.99,
1.0,,04/07/2020,  26  ,2.42,6.99,12:37 PM
3.0,7.0,2020-09-30,,2.0,0.5,6:49 PM
2.0,7.0,2019-08-31,  6  ,4.3,3.49,11:38:00
3.0,7.0,2019-08-17,  26  ,5.0,0.5,13:44:00
2.0,7.0,,  5  ,3.0,,18:43:00
4.0,,2019-04-13,  13  ,5.0,4.0,11:03:00
2.0,7.0,2019-07-06,  3  ,2.28,3.49,12:20:00
3.0,7.0,2020-08-22,  8  ,4.0,,9:27:00
3.0,7.0,2020-07-25,  10  ,3.0,0.5,11:32:00
3.0,,29/08/2020,  13  ,,0.5,1:11 PM
3.0,7.0,2020-08-15,  16  ,5.0,0.5,12:59:00
4.0,7.0,2019-06-01,  10  ,4.0,4.0,10:42 AM
2.0,7.0,2020-09-30,  10  ,,3.49,18:07:00
1.0,7.0,2020-08-15,  7  ,1.08,6.99,10:42 AM
,7.0,2020-08-29,  9  ,5.0,0.5,12:33 PM
2.0,7.0,2019-09-04,  11  ,3.51,$3.49,6:46 PM
1.0,7.0,2020-09-26,  4  ,-2.96,6.99,10:44 AM
1.0,7.0,2020-07-08,  10  ,1.33,$6.99,17:34:00
3.0,7.0,2020-07-25,  7  ,1.0,0.5,
4.0,7.0,2019-05-29,  15  ,2.0,$4.0,18:58:00
2.0,7.0,2020-09-19,  11  ,1.13,3.49,13:06:00
4.0,7.0,Unknown Date,  10  ,3.0,4.0,9:19:00
1.0,7.0,2019-08-31,  10  ,0.14,6.99,9:57:00
2.0,7.0,2019-08-07,  24  ,2.47,3.49,18:07:00
3.0,7.0,2020-08-15,  16  ,3.0,0.5,12:00:00
1.0,7.0,2020-08-26,  9  ,2.21,6.99,18:15:00
3.0,7.0,,  3  ,1.0,0.5,9:28:00
3.0,7.0,2020-07-25,  17  ,1.0,$0.5,11:57:00
1.0,7.0,05/08/2020,  23  ,4.41,6.99,17:07:00
2.0,7.0,,  26  ,3.9,3.49,6:24 PM
4.0,7.0,,  1  ,1.0,3.5,
2.0,7.0,,  9  ,2.93,3.49,18:33:00
4.0,,2019-05-22,  2  ,2.0,4.0,5:04 PM
3.0,7.0,2020-07-18,  1  ,3.0,0.5,11:26:00
4.0,7.0,2019-06-01,  8  ,3.0,4.0,10:45:00
2.0,7.0,2019-08-07,  6  ,6.9,3.49,17:01:00
4.0,7.0,2019-06-15,  1  ,3.0,4.0,
2.0,7.0,,  19  ,2.4,3.49,17:55:00
3.0,7.0,2020-07-15,  4  ,2.0,0.5,16:09:00
2.0,7.0,2020-08-05,  12  ,0.22,3.49,18:26:00
2.0,7.0,2019-08-03,  5  ,,3.49,
3.0,7.0,2019-07-17,  14  ,5.0,0.5,17:47:00
3.0,7.0,2019-08-24,  17  ,4.0,0.5,8:47:00
2.0,,11/09/2019,  10  ,0.99,3.49,17:24:00
,7.0,,  9  ,5.0,$0.5,17:16:00
4.0,7.0,Unknown Date,  4  ,1.0,4.0,18:09:00
3.0,7.0,2019-08-24,  6  ,-4.0,0.5,8:56:00
4.0,7.0,2019-04-24,  18  ,3.0,4.0,17:37:00
2.0,7.0,,,1.01,3.49,16:08:00
1.0,7.0,2020-08-26,  14  ,,$6.99,17:35:00
3.0,7.0,05/08/2020,  1  ,5.0,0.5,
2.0,7.0,2020-08-15,  19  ,3.01,3.49,13:04:00
3.0,7.0,2019-07-06,  5  ,1.0,$0.5,11:50:00
2.0,,2019-07-17,  22  ,,3.49,18:31:00
3.0,7.0,11/09/2019,  2  ,5.0,0.5,17:21:00
1.0,,07/09/2019,  12  ,,6.99,8:35:00
3.0,7.0,10/07/2019,  12  ,1.0,0.5,17:45:00
,7.0,2019-07-17,  1  ,4.88,3.49,6:26 PM
3.0,7.0,2020-07-29,  19  ,5.0,0.5,5:34 PM
,7.0,2020-08-22,  5  ,2.07,6.99,13:33:00
4.0,7.0,2019-05-29,  14  ,5.0,4.0,
4.0,,2019-06-08,  3  ,3.0,4.0,9:59:00
2.0,7.0,2020-07-11,  18  ,3.13,$3.49,13:54:00
4.0,7.0,2019-06-15,,5.0,4.0,8:37:00
4.0,7.0,2019-06-05,  12  ,2.0,4.0,17:54:00
1.0,,2019-07-31,  3  ,2.64,$6.99,18:36:00
1.0,7.0,2019-07-13,  24  ,0.65,6.99,12:52 PM
1.0,7.0,2019-09-11,  4  ,2.25,,18:37:00
3.0,7.0,2019-09-25,  15  ,1.0,0.5,16:26:00
3.0,,2019-08-07,  5  ,1.0,0.5,6:53 PM
4.0,7.0,2019-05-04,  11  ,5.0,4.0,11:05:00
2.0,,Unknown Date,,,$3.0,12:47:00
2.0,7.0,2020-08-29,  4  ,1.82,,13:32:00
4.0,7.0,2019-04-17,  6  ,4.0,,
1.0,7.0,2020-07-15,  21  ,1.63,6.99,18:43:00
3.0,7.0,,  6  ,4.0,0.5,12:06:00
1.0,,2019-07-10,  8  ,2.71,6.99,18:35:00
2.0,7.0,2019-08-21,  2  ,2.93,3.49,6:13 PM
3.0,7.0,2020-08-15,  4  ,,0.5,1:37 PM
2.0,7.0,2019-08-10,  18  ,4.46,3.49,13:56:00
3.0,7.0,Unknown Date,  1  ,5.0,0.5,1:28 PM
1.0,7.0,2020-08-15,  22  ,3.45,,9:33 AM
2.0,7.0,2020-07-29,  26  ,3.08,3.49,
2.0,,2020-07-15,  1  ,,3.49,18:38:00
2.0,,2020-07-01,  10  ,2.86,3.49,
3.0,7.0,2020-09-16,  7  ,3.0,0.5,17:28:00
2.0,7.0,2020-09-16,  14  ,3.26,3.49,16:48:00
1.0,7.0,2019-07-13,  2  ,4.24,6.99,9:02:00
1.0,7.0,2019-07-06,  23  ,2.56,6.99,12:46:00
4.0,7.0,2019-06-12,,-2.0,4.0,6:48 PM
4.0,7.0,,  12  ,1.0,$4.0,17:51:00
,7.0,2019-08-31,  1  ,5.0,,
2.0,7.0,2020-07-04,  5  ,4.61,3.49,12:08 PM
1.0,7.0,2020-08-29,,3.18,6.99,
3.0,7.0,2019-09-25,,,0.5,16:36:00
,7.0,2019-09-25,,4.71,3.49,16:16:00
3.0,7.0,2019-08-14,  4  ,1.0,0.5,17:31:00
2.0,7.0,2019-09-14,,-2.08,3.49,12:58 PM
3.0,7.0,2019-08-10,  5  ,,0.5,10:34:00
3.0,7.0,11/09/2019,  6  ,,0.5,17:06:00
1.0,7.0,2020-09-30,,3.61,,
1.0,7.0,2019-07-20,,2.09,6.99,12:48 PM
4.0,7.0,2019-04-06,  12  ,5.0,4.0,
2.0,7.0,2020-09-09,  22  ,2.77,3.49,18:45:00
2.0,7.0,2020-09-30,  1  ,,3.49,6:36 PM
2.0,7.0,2020-07-15,  19  ,3.42,3.49,17:46:00
2.0,7.0,2020-09-16,  2  ,-4.43,3.49,16:39:00
,7.0,,  11  ,4.0,0.5,18:52:00
3.0,7.0,,  1  ,,0.5,17:36:00
2.0,7.0,2019-08-03,  12  ,3.3,3.49,13:58:00
,7.0,2020-09-26,  14  ,3.91,6.99,10:32:00
3.0,,2019-07-27,  3  ,4.0,0.5,11:41:00
4.0,7.0,Unknown Date,  12  ,,4.0,16:45:00
3.0,7.0,2020-08-08,  15  ,3.0,0.5,1:54 PM
4.0,7.0,2019-05-01,  1  ,4.0,4.0,
3.0,7.0,2019-09-07,  6  ,,,11:31:00
,7.0,2020-09-19,  13  ,5.0,0.5,11:09:00
4.0,7.0,2019-05-29,  12  ,2.0,4.0,18:31:00
4.0,,2019-04-06,  14  ,2.0,$4.0,13:16:00
,7.0,2020-07-15,  2  ,3.05,3.49,
4.0,7.0,2019-05-18,  10  ,1.0,4.0,13:54:00
1.0,7.0,2020-08-26,  1  ,2.97,$6.99,18:56:00
2.0,7.0,2019-07-03,,4.74,3.49,17:38:00
3.0,7.0,2020-07-01,  15  ,-3.0,0.5,18:52:00
3.0,7.0,2019-07-24,,2.0,0.5,18:59:00
2.0,7.0,2020-08-22,  2  ,2.88,3.49,10:03:00
4.0,7.0,2019-04-03,  5  ,3.0,4.0,
,7.0,2020-08-05,  17  ,,0.5,6:38 PM
4.0,7.0,2019-04-20,  11  ,,4.0,13:42:00
1.0,7.0,2019-09-18,  17  ,0.04,6.99,17:14:00
3.0,7.0,2020-09-23,  19  ,4.0,0.5,6:35 PM
4.0,7.0,2019-04-06,  5  ,,4.0,11:51:00
,7.0,2019-08-31,,,0.5,1:37 PM
2.0,7.0,,  12  ,3.18,$3.49,
,7.0,,  9  ,2.13,3.49,18:21:00
3.0,,,  5  ,3.0,0.5,13:54:00
1.0,7.0,2019-09-07,  12  ,0.99,$6.99,8:49 AM
1.0,7.0,2020-07-25,  19  ,,6.99,12:03:00
2.0,,,  23  ,1.78,3.49,18:53:00
2.0,7.0,2020-09-12,  15  ,0.72,3.49,13:16:00
3.0,7.0,04/07/2020,  10  ,3.0,,13:12:00
2.0,7.0,,  25  ,3.27,3.49,12:43:00
2.0,7.0,2020-07-29,  26  ,3.64,$3.49,18:46:00
3.0,,2020-09-12,  6  ,1.0,0.5,13:33:00
1.0,7.0,2020-07-25,  12  ,2.25,6.99,10:24:00
3.0,7.0,,  15  ,3.0,0.5,10:56:00
4.0,7.0,2019-04-06,  2  ,,4.0,
2.0,7.0,Unknown Date,  14  ,2.86,3.49,9:37:00
2.0,7.0,2020-07-08,  20  ,3.3,,17:37:00
2.0,7.0,2019-09-07,  6  ,1.26,3.49,1:32 PM
3.0,7.0,2019-08-21,  17  ,-3.0,0.5,18:59:00
,7.0,2020-07-22,  10  ,2.0,0.5,17:47:00
4.0,7.0,2019-05-18,  17  ,3.0,$4.0,11:18:00
4.0,7.0,2019-05-01,  3  ,4.0,4.0,17:10:00
1.0,7.0,2020-07-08,  4  ,4.44,6.99,6:53 PM
4.0,,2019-04-10,  5  ,4.0,,6:53 PM
2.0,7.0,2020-08-15,  18  ,,$3.49,13:37:00
2.0,7.0,2019-09-25,  15  ,2.28,3.49,5:31 PM
2.0,7.0,23/09/2020,  6  ,2.8,3.49,17:35:00
3.0,7.0,2019-07-17,  8  ,5.0,0.5,16:08:00
2.0,7.0,2019-07-03,  4  ,3.73,3.49,4:46 PM
,7.0,2020-09-19,  11  ,5.0,0.5,11:59 AM
3.0,7.0,2019-08-03,  8  ,4.0,0.5,11:22:00
1.0,7.0,,  9  ,2.16,6.99,13:54:00
1.0,7.0,2019-09-04,  20  ,-5.67,6.99,17:57:00
3.0,7.0,2020-07-25,  14  ,5.0,$0.5,11:07:00
4.0,7.0,2019-05-08,  12  ,,4.0,17:30:00
2.0,7.0,2020-07-29,  6  ,2.38,3.49,18:41:00
2.0,7.0,2019-08-07,,0.98,3.49,17:14:00
2.0,7.0,2019-07-17,,3.09,3.49,17:29:00
1.0,7.0,2020-09-12,  15  ,1.22,6.99,1:11 PM
2.0,7.0,2019-09-21,  2  ,-2.31,3.49,12:49:00
2.0,7.0,2020-08-01,  15  ,6.04,3.49,9:52:00
2.0,7.0,2020-09-02,  23  ,1.28,3.49,18:15:00
4.0,7.0,2019-05-11,  12  ,-4.0,4.0,9:40:00
3.0,7.0,2019-08-17,  1  ,,0.5,13:55:00
4.0,7.0,2019-05-18,  2  ,-5.0,4.0,13:41:00
3.0,7.0,Unknown Date,  4  ,5.0,0.5,11:34:00
3.0,7.0,2019-08-07,  4  ,3.0,0.5,16:48:00
3.0,7.0,2019-08-24,  8  ,5.0,$0.5,11:47:00
1.0,7.0,05/08/2020,,4.92,6.99,17:43:00
3.0,7.0,2019-07-24,,3.0,0.5,6:53 PM
3.0,7.0,,,4.0,0.5,16:28:00
4.0,7.0,2019-04-17,  4  ,4.0,3.5,17:51:00
3.0,7.0,2019-07-06,  10  ,1.0,0.5,9:52:00
3.0,7.0,2019-09-28,,3.0,0.5,
,7.0,2019-07-20,  26  ,-3.0,0.5,13:24:00
3.0,7.0,Unknown Date,  20  ,3.0,0.5,13:32:00
,7.0,2019-09-21,  6  ,2.22,3.49,12:54:00
3.0,7.0,2020-09-09,,4.0,0.5,16:53:00
1.0,,2020-08-26,  9  ,2.21,6.99,18:15:00
1.0,7.0,,  3  ,2.48,6.99,18:40:00
3.0,7.0,2020-07-11,  14  ,3.0,0.5,13:56:00
3.0,7.0,2019-08-07,  23  ,,0.5,18:51:00
4.0,7.0,2019-05-25,  2  ,,4.0,
2.0,7.0,2019-08-17,,1.05,3.49,
3.0,7.0,2019-09-14,  12  ,4.0,0.5,11:10:00
2.0,7.0,,  26  ,4.78,3.49,
4.0,7.0,2019-06-08,  7  ,4.0,4.0,11:10:00
3.0,7.0,2020-08-12,  14  ,1.0,,16:45:00
3.0,7.0,2020-08-19,,2.0,0.5,
1.0,7.0,2019-07-13,  5  ,0.71,6.99,13:43:00
3.0,7.0,2020-07-15,  20  ,-3.0,0.5,18:02:00
2.0,,Unknown Date,  12  ,4.4,3.49,17:07:00
2.0,7.0,,,1.42,3.49,
4.0,7.0,2019-05-15,  13  ,1.0,4.0,18:02:00
2.0,7.0,2020-08-15,  8  ,3.85,3.49,9:36:00
4.0,,2019-05-18,  13  ,2.0,4.0,13:18:00
3.0,7.0,,  11  ,4.0,0.5,11:44:00
3.0,7.0,2020-07-08,,2.0,0.5,18:42:00
